{
  "sites": [
    {"key":"demo1","name":"🎬 量子资源","type":1,"api":"https://cj.lziapi.com/api.php/provide/vod/","searchable":1,"quickSearch":1,"filterable":1},
    {"key":"demo2","name":"🎬 暴风资源","type":1,"api":"https://bfzyapi.com/api.php/provide/vod/","searchable":1,"quickSearch":1,"filterable":1},
    {"key":"demo3","name":"🎬 极速资源","type":1,"api":"https://jszyapi.com/api.php/provide/vod/","searchable":1,"quickSearch":1,"filterable":1}
  ],
  "parses": [
    {"name":"默认解析","type":1,"url":"https://jx.jsonplayer.com/player/?url="},
    {"name":"OK解析","type":1,"url":"https://okjx.cc/?url="},
    {"name":"虾米解析","type":1,"url":"https://jx.xmflv.com/?url="}
  ],
  "lives": [
    {
      "group":"央视",
      "channels":[
        {"name":"CCTV-1","urls":["http://ivi.bupt.edu.cn/hls/cctv1.m3u8"]},
        {"name":"CCTV-5","urls":["http://ivi.bupt.edu.cn/hls/cctv5.m3u8"]},
        {"name":"CCTV-6","urls":["http://ivi.bupt.edu.cn/hls/cctv6.m3u8"]}
      ]
    },
    {
      "group":"卫视",
      "channels":[
        {"name":"湖南卫视","urls":["http://ivi.bupt.edu.cn/hls/hunantv.m3u8"]},
        {"name":"浙江卫视","urls":["http://ivi.bupt.edu.cn/hls/zjtv.m3u8"]},
        {"name":"东方卫视","urls":["http://ivi.bupt.edu.cn/hls/dfws.m3u8"]}
      ]
    }
  ]
}